-- users
BEGIN;
insert into users (username, name, password) values ('elove0', 'Evangelia Love', MD5('SQEGrDNNST'));
insert into users (username, name, password) values ('gpeacock1', 'Gaylor Peacock', MD5('WeDViLfILg'));
insert into users (username, name, password) values ('ldellenbach2', 'Lianna Dellenbach', MD5('1Yhi7U7F'));
insert into users (username, name, password) values ('mrobbeke3', 'Merle Robbeke', MD5('QemOdaSm8HS'));
insert into users (username, name, password) values ('itomaszewicz4', 'Isabella Tomaszewicz', MD5('pX8nrrwla1rh'));
insert into users (username, name, password) values ('gbadcock5', 'Germayne Badcock', MD5('rhihknY'));
insert into users (username, name, password) values ('avinsen6', 'Arly Vinsen', MD5('ia0A4g68nXH'));
insert into users (username, name, password) values ('bchristofle7', 'Bekki Christofle', MD5('lgMvNW'));
insert into users (username, name, password) values ('fweed8', 'Farlay Weed', MD5('OoXB6vDcO4H'));
insert into users (username, name, password) values ('cpalethorpe9', 'Clark Palethorpe', MD5('RDowyuf1Mt4F'));
insert into users (username, name, password) values ('tmatthewesa', 'Tybalt Matthewes', MD5('QIk9nMZ8RYzv'));
insert into users (username, name, password) values ('kcarbryb', 'Kristyn Carbry', MD5('RlNVn1qB'));
insert into users (username, name, password) values ('gcleefc', 'Germain Cleef', MD5('KyDsST61dd'));
insert into users (username, name, password) values ('arispind', 'Ainsley Rispin', MD5('cmaas41Ppt0x'));
insert into users (username, name, password) values ('mbonairee', 'Maynord Bonaire', MD5('ungEzfMyCjut'));
insert into users (username, name, password) values ('spallesenf', 'Sean Pallesen', MD5('FOTkodCKa5'));
insert into users (username, name, password) values ('klamarg', 'Kris Lamar', MD5('R2u6U6cvpkO'));
insert into users (username, name, password) values ('mmonaghanh', 'Martica Monaghan', MD5('mRpHPHuQODp'));
insert into users (username, name, password) values ('vshemmingi', 'Vachel Shemming', MD5('klZDHziT7N'));
insert into users (username, name, password) values ('pfrazierj', 'Padriac Frazier', MD5('ESI89AWL'));
insert into users (username, name, password) values ('fjoubertk', 'Flore Joubert', MD5('uK9UTcLL'));
insert into users (username, name, password) values ('eboldtl', 'Emmeline Boldt', MD5('C1szMV'));
insert into users (username, name, password) values ('rolivetm', 'Ruthie Olivet', MD5('JIRwBrMdnBH'));
insert into users (username, name, password) values ('mhousamn', 'Maison Housam', MD5('fXmpEyphwG8'));
insert into users (username, name, password) values ('hfuenteo', 'Hope Fuente', MD5('lJdZztHqYxVr'));
insert into users (username, name, password) values ('matterburyp', 'Mathe Atterbury', MD5('PbzYWUvI'));
insert into users (username, name, password) values ('erisingq', 'Ethelind Rising', MD5('GFYkq1G5xSK'));
insert into users (username, name, password) values ('sroskamsr', 'Sibby Roskams', MD5('EA30WhQIggyY'));
insert into users (username, name, password) values ('seuesdens', 'Shirlee Euesden', MD5('DFYW79nn'));
insert into users (username, name, password) values ('fsimonassit', 'Frieda Simonassi', MD5('EFu5aW'));
insert into users (username, name, password) values ('orevanu', 'Olenolin Revan', MD5('n0AO4Aw0'));
insert into users (username, name, password) values ('rtennewellv', 'Renelle Tennewell', MD5('4lNZbr5'));
insert into users (username, name, password) values ('koheynew', 'Kimberly O''Heyne', MD5('65VWtSszE'));
insert into users (username, name, password) values ('bfancuttx', 'Bari Fancutt', MD5('NzC1QvSrNKHK'));
insert into users (username, name, password) values ('kjosifovicy', 'Keane Josifovic', MD5('jlshhuvHHz'));
insert into users (username, name, password) values ('bdowseyz', 'Brittany Dowsey', MD5('NG1pvipZl2k'));
insert into users (username, name, password) values ('tmccarl10', 'Taryn McCarl', MD5('8Vsuz5tjB'));
insert into users (username, name, password) values ('npenrith11', 'Noami Penrith', MD5('ffE4xBBE9'));
insert into users (username, name, password) values ('dpovey12', 'Dalli Povey', MD5('ScGWA9'));
insert into users (username, name, password) values ('hstyant13', 'Had Styant', MD5('0SLZir4e04'));
insert into users (username, name, password) values ('dsames14', 'Den Sames', MD5('YgeFVU'));
insert into users (username, name, password) values ('inanelli15', 'Ilaire Nanelli', MD5('qQRdt8C6ExZg'));
insert into users (username, name, password) values ('aalcido16', 'Arlinda Alcido', MD5('DcdR8dPxpl'));
insert into users (username, name, password) values ('dashbee17', 'Derek Ashbee', MD5('81Dh4SEGI'));
insert into users (username, name, password) values ('mvivash18', 'Molli Vivash', MD5('uLpbuKUd1z'));
insert into users (username, name, password) values ('cpaddock19', 'Corene Paddock', MD5('3PkiO3'));
insert into users (username, name, password) values ('sgibard1a', 'Stu Gibard', MD5('r6dw6WH1'));
insert into users (username, name, password) values ('laleksandrikin1b', 'Laurianne Aleksandrikin', MD5('aPOkXQD5LoW'));
insert into users (username, name, password) values ('dpabelik1c', 'Daisey Pabelik', MD5('meXaUd5b7M'));
insert into users (username, name, password) values ('asymes1d', 'Allx Symes', MD5('asi1T4xj'));
insert into users (username, name, password) values ('mivanchov1e', 'Marcia Ivanchov', MD5('bQTKvq'));
insert into users (username, name, password) values ('dgawn1f', 'Dorene Gawn', MD5('ooEKviWBl'));
insert into users (username, name, password) values ('imarioneau1g', 'Inger Marioneau', MD5('NRfRNr'));
insert into users (username, name, password) values ('apaulus1h', 'Augustin Paulus', MD5('ZVPjtzC'));
insert into users (username, name, password) values ('dlymbourne1i', 'Diandra Lymbourne', MD5('wtwq63Kj'));
insert into users (username, name, password) values ('ikuhlmey1j', 'Ingeberg Kuhlmey', MD5('IhxNNfn5'));
insert into users (username, name, password) values ('ttollerton1k', 'Tymothy Tollerton', MD5('AHUm7oZiv5'));
insert into users (username, name, password) values ('cmcconnal1l', 'Chariot McConnal', MD5('eUphOQR'));
insert into users (username, name, password) values ('jthewless1m', 'Jasper Thewless', MD5('sp8C8sTd0COc'));
insert into users (username, name, password) values ('vdahmel1n', 'Vinnie Dahmel', MD5('mRE5p0U'));
insert into users (username, name, password) values ('rhebblewhite1o', 'Riordan Hebblewhite', MD5('rIrSF2iSpz'));
insert into users (username, name, password) values ('acrumby1p', 'Annamarie Crumby', MD5('CSRiwZscpm'));
insert into users (username, name, password) values ('rbarbera1q', 'Reidar Barbera', MD5('zdFa8DWTUAA'));
insert into users (username, name, password) values ('tpovah1r', 'Timmie Povah', MD5('YuMnCLPt3'));
insert into users (username, name, password) values ('creinert1s', 'Cordelia Reinert', MD5('Ds4MTFy4XK'));
insert into users (username, name, password) values ('jsazio1t', 'Jessica Sazio', MD5('qyL27twxYzPf'));
insert into users (username, name, password) values ('dcutriss1u', 'Datha Cutriss', MD5('iFWsVzwRq'));
insert into users (username, name, password) values ('sschwanden1v', 'Sayres Schwanden', MD5('CglZOsDS'));
insert into users (username, name, password) values ('ggambles1w', 'Georas Gambles', MD5('G21N6KP'));
insert into users (username, name, password) values ('lferrey1x', 'Lila Ferrey', MD5('kFNpz3'));
insert into users (username, name, password) values ('mbaiyle1y', 'Mersey Baiyle', MD5('4zmpPTT'));
insert into users (username, name, password) values ('mrowswell1z', 'Merrie Rowswell', MD5('TV8j1wXH'));
insert into users (username, name, password) values ('hgullifant20', 'Hastings Gullifant', MD5('14PsAsS'));
insert into users (username, name, password) values ('mhann21', 'Margaretta Hann', MD5('naNeCf'));
insert into users (username, name, password) values ('gsibson22', 'Gayelord Sibson', MD5('X9smbBALMik1'));
insert into users (username, name, password) values ('mringer23', 'Modesty Ringer', MD5('0RNfOf1'));
insert into users (username, name, password) values ('grenihan24', 'Giordano Renihan', MD5('8QFht36RxQAL'));
insert into users (username, name, password) values ('gquarton25', 'Guy Quarton', MD5('94z31G7'));
insert into users (username, name, password) values ('bshacklady26', 'Benoit Shacklady', MD5('0uFRhUZdJ10M'));
insert into users (username, name, password) values ('estener27', 'Edie Stener', MD5('cLhZStH'));
insert into users (username, name, password) values ('vfranzewitch28', 'Veradis Franzewitch', MD5('LBHsKoRKw44'));
insert into users (username, name, password) values ('ttidmarsh29', 'Tess Tidmarsh', MD5('iVhjuEG'));
insert into users (username, name, password) values ('rrogge2a', 'Reider Rogge', MD5('If0nSUfFF'));
insert into users (username, name, password) values ('alaydel2b', 'Amandi Laydel', MD5('A1xSSPh8'));
insert into users (username, name, password) values ('iyakushkin2c', 'Isador Yakushkin', MD5('pkkfgza0y'));
insert into users (username, name, password) values ('rleng2d', 'Reynard Leng', MD5('jKzPem'));
insert into users (username, name, password) values ('dficken2e', 'Dionysus Ficken', MD5('1l55Cw511'));
insert into users (username, name, password) values ('agiffon2f', 'Almeria Giffon', MD5('AbguBy'));
insert into users (username, name, password) values ('dabramin2g', 'Datha Abramin', MD5('P1Cu9ns'));
insert into users (username, name, password) values ('nchisman2h', 'Nels Chisman', MD5('DXGkSPBovBO0'));
insert into users (username, name, password) values ('bkoenraad2i', 'Brigham Koenraad', MD5('LODsbAX'));
insert into users (username, name, password) values ('bjindra2j', 'Boonie Jindra', MD5('Cx9fn3a'));
insert into users (username, name, password) values ('marrighetti2k', 'Madelin Arrighetti', MD5('hksZElE'));
insert into users (username, name, password) values ('nlummasana2l', 'Nick Lummasana', MD5('Bew1A4'));
insert into users (username, name, password) values ('llawlie2m', 'Lizabeth Lawlie', MD5('LLDuu02s9c'));
insert into users (username, name, password) values ('wmessier2n', 'Wittie Messier', MD5('yWTNZlbc'));
insert into users (username, name, password) values ('aousby2o', 'Adrea Ousby', MD5('3GnBrVL4m'));
insert into users (username, name, password) values ('mperrington2p', 'Magdaia Perrington', MD5('slmxrOJGcy'));
insert into users (username, name, password) values ('hadenot2q', 'Harmon Adenot', MD5('KTqaUFP'));
insert into users (username, name, password) values ('ygilffillan2r', 'Yasmin Gilffillan', MD5('wqiAV8'));
insert into users (username, name, password) values ('vthieme2s', 'Vallie Thieme', MD5('jAn2Up'));
insert into users (username, name, password) values ('dallderidge2t', 'Danit Allderidge', MD5('yViHi1ZXwE'));
insert into users (username, name, password) values ('ualdous2u', 'Ursala Aldous', MD5('lBOADeBBl'));
insert into users (username, name, password) values ('bkrook2v', 'Burnard Krook', MD5('2Idoaf5'));
insert into users (username, name, password) values ('jgurry2w', 'Jim Gurry', MD5('qxfWGQppdMq'));
insert into users (username, name, password) values ('dhowgego2x', 'Danni Howgego', MD5('ZiZQkA9'));
insert into users (username, name, password) values ('casif2y', 'Cecily Asif', MD5('tpz0FhhAjN'));
insert into users (username, name, password) values ('ebirchill2z', 'Elli Birchill', MD5('qHpKnqxCK0D'));
insert into users (username, name, password) values ('mitzkovitch30', 'Mar Itzkovitch', MD5('DAzj6OZEQ2Ob'));
insert into users (username, name, password) values ('rtumpane31', 'Rudie Tumpane', MD5('RlAJ1JalINF'));
insert into users (username, name, password) values ('gmatterface32', 'Garrard Matterface', MD5('voB0Ri'));
insert into users (username, name, password) values ('fhaquard33', 'Florian Haquard', MD5('SNmdNGj'));
insert into users (username, name, password) values ('dpuckring34', 'Dion Puckring', MD5('mJukYGR'));
insert into users (username, name, password) values ('kbracken35', 'Kaleena Bracken', MD5('pkHuR0uL'));
insert into users (username, name, password) values ('jbonsale36', 'Jasmine Bonsale', MD5('jSAzBN'));
insert into users (username, name, password) values ('iluckie37', 'Isak Luckie', MD5('CMqmHGxX'));
insert into users (username, name, password) values ('datto38', 'Dona Atto', MD5('BMbVNWZWgC'));
insert into users (username, name, password) values ('lrickett39', 'Lindie Rickett', MD5('JBNhi541'));
insert into users (username, name, password) values ('jeam3a', 'Josefina Eam', MD5('ZpaouqmV'));
insert into users (username, name, password) values ('cveryan3b', 'Cathyleen Veryan', MD5('nc6i4Hk8N4J'));
insert into users (username, name, password) values ('chearson3c', 'Cybil Hearson', MD5('ehMUC0g'));
insert into users (username, name, password) values ('ide3d', 'Idalina De Meyer', MD5('YwO6PJ'));
insert into users (username, name, password) values ('tfitzsymonds3e', 'Tabbie Fitzsymonds', MD5('fXNmnSdGFaPn'));
insert into users (username, name, password) values ('jburwell3f', 'Julienne Burwell', MD5('xmrnFjMiv5T'));
insert into users (username, name, password) values ('spetteford3g', 'Susanetta Petteford', MD5('dDLCsnVJ'));
insert into users (username, name, password) values ('eorum3h', 'Emmalyn Orum', MD5('02zNbyrje'));
insert into users (username, name, password) values ('vlombard3i', 'Velma Lombard', MD5('uEI0Kz35q'));
insert into users (username, name, password) values ('hmcniven3j', 'Hugibert McNiven', MD5('xB6UJTa'));
insert into users (username, name, password) values ('ccoldwell3k', 'Channa Coldwell', MD5('2onvqC'));
insert into users (username, name, password) values ('ayuryaev3l', 'Amabelle Yuryaev', MD5('AdjKtDrI'));
insert into users (username, name, password) values ('qainsworth3m', 'Quinlan Ainsworth', MD5('xyns7KQoM'));
insert into users (username, name, password) values ('bbocke3n', 'Bruno Bocke', MD5('GapBUy'));
insert into users (username, name, password) values ('ihannabus3o', 'Isabelita Hannabus', MD5('XNL5Je8fy49'));
insert into users (username, name, password) values ('pnewns3p', 'Pierrette Newns', MD5('qSJZcii8psc'));
insert into users (username, name, password) values ('omaciejewski3q', 'Oberon Maciejewski', MD5('2DTVVvaoWRG'));
insert into users (username, name, password) values ('alitt3r', 'Augusto Litt', MD5('shJyAgjG9'));
insert into users (username, name, password) values ('sgrieves3s', 'Sidnee Grieves', MD5('ltYpMv'));
insert into users (username, name, password) values ('mlaxton3t', 'Maddie Laxton', MD5('EKJ3XDTxu'));
insert into users (username, name, password) values ('gpietesch3u', 'Gregor Pietesch', MD5('Fejk3TAVM'));
insert into users (username, name, password) values ('nklain3v', 'Nicolai Klain', MD5('1Dyg5r'));
insert into users (username, name, password) values ('dpawellek3w', 'Doyle Pawellek', MD5('Rnr2RoAbBa'));
insert into users (username, name, password) values ('eeastgate3x', 'Elie Eastgate', MD5('c8blENEu8UbO'));
insert into users (username, name, password) values ('bbaden3y', 'Blair Baden', MD5('LPCr20Q'));
insert into users (username, name, password) values ('deykelhof3z', 'Domenic Eykelhof', MD5('GoxszZjbpqOB'));
insert into users (username, name, password) values ('elobb40', 'Early Lobb', MD5('5RQM03'));
insert into users (username, name, password) values ('askyme41', 'Alvie Skyme', MD5('71SjFF'));
insert into users (username, name, password) values ('malbasiny42', 'Michelina Albasiny', MD5('56F6nSBGp0js'));
insert into users (username, name, password) values ('mgreser43', 'Marv Greser', MD5('KaQp0vDrSl'));
insert into users (username, name, password) values ('nnunnery44', 'Nickie Nunnery', MD5('WX6EesgA74'));
insert into users (username, name, password) values ('nkiddey45', 'Nickolai Kiddey', MD5('VQ1aud5KzwN'));
insert into users (username, name, password) values ('mhurnell46', 'Molli Hurnell', MD5('n4Fmf4nq'));
insert into users (username, name, password) values ('kcursey47', 'Karlotte Cursey', MD5('taU2HJAiF'));
insert into users (username, name, password) values ('adulinty48', 'Ailis Dulinty', MD5('B8kEreAxkWG'));
insert into users (username, name, password) values ('bosiaghail49', 'Briano O''Siaghail', MD5('weSHWpc'));
insert into users (username, name, password) values ('kwhitbread4a', 'Kimbra Whitbread', MD5('qJFykf'));
insert into users (username, name, password) values ('mpeperell4b', 'Maryann Peperell', MD5('X1azTbRelF'));
insert into users (username, name, password) values ('bboyne4c', 'Bearnard Boyne', MD5('jeWXFx'));
insert into users (username, name, password) values ('edanit4d', 'Emmalynne Danit', MD5('KKmIUmdYuNlv'));
insert into users (username, name, password) values ('fjoincey4e', 'Friedrich Joincey', MD5('R6t2h6EG'));
insert into users (username, name, password) values ('jnovkovic4f', 'Jacky Novkovic', MD5('6Jhnhf7dOEI'));
insert into users (username, name, password) values ('dtelega4g', 'Dell Telega', MD5('30vS0tMCGzaL'));
insert into users (username, name, password) values ('jstockle4h', 'Janeen Stockle', MD5('iSBKNKr8EB'));
insert into users (username, name, password) values ('mdecent4i', 'Margaretta Decent', MD5('vTJj3MiR'));
insert into users (username, name, password) values ('jburfitt4j', 'Jackie Burfitt', MD5('XPmjmTGNxm6'));
insert into users (username, name, password) values ('jglamart4k', 'Janka Glamart', MD5('8OUfCh'));
insert into users (username, name, password) values ('dbavin4l', 'Dione Bavin', MD5('mJUkRxDYu'));
insert into users (username, name, password) values ('dgirtin4m', 'Dreddy Girtin', MD5('r1P4TJ8W'));
insert into users (username, name, password) values ('gneasham4n', 'Glenden Neasham', MD5('NyOipWZVdEDe'));
insert into users (username, name, password) values ('gduval4o', 'Gannon Duval', MD5('i1xad9v'));
insert into users (username, name, password) values ('aacedo4p', 'Andriana Acedo', MD5('ocaOdOKoNy'));
insert into users (username, name, password) values ('fwhytock4q', 'Faye Whytock', MD5('Drvkim'));
insert into users (username, name, password) values ('fsowley4r', 'Faustine Sowley', MD5('KjCNsCHM9IPc'));
insert into users (username, name, password) values ('ninchley4s', 'Norah Inchley', MD5('s5FAotpyFB'));
insert into users (username, name, password) values ('cmcgraw4t', 'Consalve McGraw', MD5('3lyLNRIyPCk'));
insert into users (username, name, password) values ('ngrimmolby4u', 'Niles Grimmolby', MD5('iDV4KtKTh5'));
insert into users (username, name, password) values ('cwilliams4v', 'Cymbre Williams', MD5('jnupv8KK9'));
insert into users (username, name, password) values ('fchapiro4w', 'Forest Chapiro', MD5('FQJl2Xf'));
insert into users (username, name, password) values ('dmousdall4x', 'Darcy Mousdall', MD5('c3poCxfbnO'));
insert into users (username, name, password) values ('msainteau4y', 'Magdaia Sainteau', MD5('ugfOD36E2vx'));
insert into users (username, name, password) values ('gvasilov4z', 'Gerry Vasilov', MD5('rnkxqCNq'));
insert into users (username, name, password) values ('hgreated50', 'Hazel Greated', MD5('gaUspSgw'));
insert into users (username, name, password) values ('ltitmarsh51', 'Lev Titmarsh', MD5('4aoeA3688'));
insert into users (username, name, password) values ('crozea52', 'Caritta Rozea', MD5('BJwUPR0FzH9'));
insert into users (username, name, password) values ('amacrae53', 'Allegra Macrae', MD5('oBcHIwbG'));
insert into users (username, name, password) values ('fshere54', 'Felicle Shere', MD5('FYRFLDcSuhM'));
insert into users (username, name, password) values ('ekeetley55', 'Emmery Keetley', MD5('Aw5nlTxj6D'));
insert into users (username, name, password) values ('acamois56', 'Avrit Camois', MD5('usuoa9CGo'));
insert into users (username, name, password) values ('dassender57', 'Darb Assender', MD5('8DRTOfY'));
insert into users (username, name, password) values ('dodevey58', 'Danella O''Devey', MD5('OT6Qqbuf5'));
insert into users (username, name, password) values ('lgarcia59', 'Linea Garcia', MD5('qcPYzXKo'));
insert into users (username, name, password) values ('cspatari5a', 'Charmian Spatari', MD5('nrGUjlNp6nmj'));
insert into users (username, name, password) values ('gdelooze5b', 'Garrik Delooze', MD5('Nb2MPfP'));
insert into users (username, name, password) values ('estoddart5c', 'Elroy Stoddart', MD5('bYh1WW'));
insert into users (username, name, password) values ('crentoll5d', 'Clareta Rentoll', MD5('85eqgqNM8'));
insert into users (username, name, password) values ('aravenscroft5e', 'Aleksandr Ravenscroft', MD5('AeU8AmipuYZ'));
insert into users (username, name, password) values ('kpineaux5f', 'Keslie Pineaux', MD5('klHsyV2Vs'));
insert into users (username, name, password) values ('sblaase5g', 'Sauveur Blaase', MD5('PHppplgXl'));
insert into users (username, name, password) values ('ppittock5h', 'Paolo Pittock', MD5('osQ1iI'));
insert into users (username, name, password) values ('fbridgen5i', 'Freddi Bridgen', MD5('VjzSXzE6'));
insert into users (username, name, password) values ('mfaraday5j', 'Myriam Faraday', MD5('RXleQJ8F0Rc9'));
insert into users (username, name, password) values ('linnis5k', 'Layne Innis', MD5('hlrCHGdW'));
insert into users (username, name, password) values ('kpavic5l', 'Kalle Pavic', MD5('ZcSDWA46d'));
insert into users (username, name, password) values ('ddetoile5m', 'Derward Detoile', MD5('P81mLZkuu'));
insert into users (username, name, password) values ('tiacovozzo5n', 'Taddeo Iacovozzo', MD5('LKsLuHXW'));
insert into users (username, name, password) values ('svynehall5o', 'Susy Vynehall', MD5('hXulP6wCDOqz'));
insert into users (username, name, password) values ('mcarpenter5p', 'Milicent Carpenter', MD5('ikgFcbT'));
insert into users (username, name, password) values ('belwin5q', 'Berkie Elwin', MD5('LHC9Gqwt2A'));
insert into users (username, name, password) values ('jodde5r', 'Jase Odde', MD5('2kEg8tF'));
insert into users (username, name, password) values ('cfawthrop5s', 'Crystie Fawthrop', MD5('DKt3HL6DT'));
insert into users (username, name, password) values ('pvirgoe5t', 'Paula Virgoe', MD5('4zEdGh'));
insert into users (username, name, password) values ('sgeorgins5u', 'Steffen Georgins', MD5('ggCI4e0v9v6m'));
insert into users (username, name, password) values ('jsymes5v', 'Jerad Symes', MD5('Q8AQRc72a'));
insert into users (username, name, password) values ('dchampneys5w', 'Derril Champneys', MD5('zJJeZrMg2m'));
insert into users (username, name, password) values ('vpenrice5x', 'Vivia Penrice', MD5('HEeKGaH3zF4s'));
insert into users (username, name, password) values ('falliker5y', 'Fernando Alliker', MD5('x2BcoJC6RbsD'));
insert into users (username, name, password) values ('baiston5z', 'Berny Aiston', MD5('vAqOCb4DTYX'));
insert into users (username, name, password) values ('jbreacher60', 'Johna Breacher', MD5('CeHR8s'));
insert into users (username, name, password) values ('afaivre61', 'Arny Faivre', MD5('yJU7HZw'));
insert into users (username, name, password) values ('ceggins62', 'Chantalle Eggins', MD5('PolMD1GgL2Y'));
insert into users (username, name, password) values ('dkingscote63', 'Dena Kingscote', MD5('PKvvzTq'));
insert into users (username, name, password) values ('hfratson64', 'Hamlin Fratson', MD5('lHsF0k4l7NX'));
insert into users (username, name, password) values ('rcopas65', 'Reggie Copas', MD5('PNvyHSqlQNlA'));
insert into users (username, name, password) values ('aanfosso66', 'Aleece Anfosso', MD5('c0ZW3WSM'));
insert into users (username, name, password) values ('hcrop67', 'Herrick Crop', MD5('pLFuifOXr'));
insert into users (username, name, password) values ('wshingfield68', 'Whitby Shingfield', MD5('oLB9qN7Z4S'));
insert into users (username, name, password) values ('awiggin69', 'Aylmer Wiggin', MD5('pXAAeSHdg'));
insert into users (username, name, password) values ('dbeeho6a', 'Dannie Beeho', MD5('YjG5VmWp'));
insert into users (username, name, password) values ('jdinning6b', 'Jasmine Dinning', MD5('ifZvcjondQZ'));
insert into users (username, name, password) values ('nales6c', 'Nikoletta Ales0', MD5('ymDtvhrijQ'));
insert into users (username, name, password) values ('mcrosier6d', 'Marc Crosier', MD5('SygrqMsQeH'));
insert into users (username, name, password) values ('isymers6e', 'Inesita Symers', MD5('RZcBQtdkK68q'));
insert into users (username, name, password) values ('cmccolley6f', 'Charlotte McColley', MD5('HybOoUofc6k'));
insert into users (username, name, password) values ('bdennerley6g', 'Blayne Dennerley', MD5('uEeJy8qrjhum'));
insert into users (username, name, password) values ('pfairlem6h', 'Phil Fairlem', MD5('iFGLH12'));
insert into users (username, name, password) values ('bhasnip6i', 'Barbe Hasnip', MD5('3sHhYC'));
insert into users (username, name, password) values ('cvolleth6j', 'Cammi Volleth', MD5('U7GDWxJbd'));
insert into users (username, name, password) values ('rabramino6k', 'Rollin Abramino', MD5('7UUCFrXc'));
insert into users (username, name, password) values ('arubery6l', 'Andy Rubery', MD5('I3cMIeT'));
insert into users (username, name, password) values ('vhartin6m', 'Viviene Hartin', MD5('rMpwhFk5Tkf'));
insert into users (username, name, password) values ('rtrundler6n', 'Reagan Trundler', MD5('iv9j24u'));
insert into users (username, name, password) values ('rthoresby6o', 'Rosalinde Thoresby', MD5('pv24raa'));
insert into users (username, name, password) values ('nphillippo6p', 'Nessie Phillippo', MD5('ZtrgyHguTBG'));
insert into users (username, name, password) values ('jbrabbins6q', 'Jenica Brabbins', MD5('CXRzQfC'));
insert into users (username, name, password) values ('scostin6r', 'Sherlocke Costin', MD5('Bk3Y2IVcnmu'));
insert into users (username, name, password) values ('rgrocutt6s', 'Roberta Grocutt', MD5('64S6pFsea1'));
insert into users (username, name, password) values ('nhourigan6t', 'Nita Hourigan', MD5('F3hG9Bj5'));
insert into users (username, name, password) values ('odikle6u', 'Osmund Dikle', MD5('oH2aHdKgzv'));
insert into users (username, name, password) values ('adewsnap6v', 'Alvie Dewsnap', MD5('wbKQlf'));
insert into users (username, name, password) values ('jhutchin6w', 'Jessi Hutchin', MD5('ms9RGNSTT'));
insert into users (username, name, password) values ('tlackham6x', 'Tommie Lackham', MD5('rkJPIcFmZOI'));
insert into users (username, name, password) values ('wlinzey6y', 'Wenda Linzey', MD5('LsnIxFHFXK'));
insert into users (username, name, password) values ('mwesker6z', 'Magdalene Wesker', MD5('jj95mZeg4fq'));
insert into users (username, name, password) values ('mbice70', 'Marjie Bice', MD5('ENMPSen'));
insert into users (username, name, password) values ('kmote71', 'Kanya Mote', MD5('wSXsuA7pOo9P'));
insert into users (username, name, password) values ('sferneyhough72', 'Stafani Ferneyhough', MD5('qQrJllF'));
insert into users (username, name, password) values ('dmcillroy73', 'Drucy McIllroy', MD5('hhq06s24bO'));
insert into users (username, name, password) values ('fmcculloch74', 'Fanny McCulloch', MD5('pPMMJCt1BD'));
insert into users (username, name, password) values ('swilbor75', 'Seumas Wilbor', MD5('7gnofG'));
insert into users (username, name, password) values ('obrinded76', 'Opalina Brinded', MD5('pAtaYlD4gWt'));
insert into users (username, name, password) values ('vtodari77', 'Violetta Todari', MD5('DYyAMRTTC'));
insert into users (username, name, password) values ('chardwell78', 'Cary Hardwell', MD5('87paWvHark9b'));
insert into users (username, name, password) values ('jkonzelmann79', 'Jarib Konzelmann', MD5('DohL2P2Gjg'));
insert into users (username, name, password) values ('sbortoletti7a', 'Shaylynn Bortoletti', MD5('tKfnmhbN'));
insert into users (username, name, password) values ('rbortol7b', 'Romola Bortol', MD5('7Jg2u24738Rl'));
insert into users (username, name, password) values ('wshier7c', 'Wiatt Shier', MD5('7KIMncZBRz'));
insert into users (username, name, password) values ('sgonsalvez7d', 'Sherline Gonsalvez', MD5('Ugam7e'));
insert into users (username, name, password) values ('awillsmore7e', 'Angel Willsmore', MD5('gJCoQEA55'));
insert into users (username, name, password) values ('myoull7f', 'Mair Youll', MD5('jZ5MrPScDR'));
insert into users (username, name, password) values ('talexandersen7g', 'Thadeus Alexandersen', MD5('tThsvdLLkkb'));
insert into users (username, name, password) values ('bmulmuray7h', 'Benny Mulmuray', MD5('OxL9JSMdsu'));
insert into users (username, name, password) values ('yskatcher7i', 'Yurik Skatcher', MD5('ZtdGHmaa'));
insert into users (username, name, password) values ('cfranzelini7j', 'Chance Franzelini', MD5('ct8x5hLS9'));
insert into users (username, name, password) values ('kwaye7k', 'Katerina Waye', MD5('icHg6n3P'));
insert into users (username, name, password) values ('cwebland7l', 'Casey Webland', MD5('VbjfM4d5'));
insert into users (username, name, password) values ('vbach7m', 'Vivi Bach', MD5('QcH9vBPpU'));
insert into users (username, name, password) values ('ecrilly7n', 'Ellwood Crilly', MD5('YCVKOyTFi0'));
insert into users (username, name, password) values ('amcvitty7o', 'Arnaldo McVitty', MD5('x8jNgOdt'));
insert into users (username, name, password) values ('mhoolaghan7p', 'Milt Hoolaghan', MD5('VFlXDWZ'));
insert into users (username, name, password) values ('aguidera7q', 'Alexandro Guidera', MD5('iJA01ApGZP9'));
insert into users (username, name, password) values ('zkillgus7r', 'Zared Killgus', MD5('3FQIu04jdiyU'));
insert into users (username, name, password) values ('dlomasny7s', 'Davida Lomasny', MD5('YkSi0QkQxu7c'));
insert into users (username, name, password) values ('erowbury7t', 'Elga Rowbury', MD5('lAlOW6'));
insert into users (username, name, password) values ('gvlach7u', 'Gearalt Vlach', MD5('jJfSF6H4yCMy'));
insert into users (username, name, password) values ('ntetla7v', 'Nataniel Tetla', MD5('ScJbxVdpLZgb'));
insert into users (username, name, password) values ('scotterell7w', 'Stefa Cotterell', MD5('uSudvcA57rd'));
insert into users (username, name, password) values ('nsemens7x', 'Noach Semens', MD5('cH9b44HlVhoa'));
insert into users (username, name, password) values ('nbyne7y', 'Nikoletta Byne', MD5('Gjc8qWZMS9tJ'));
insert into users (username, name, password) values ('mfrankis7z', 'Margareta Frankis', MD5('y5UA1Q'));
insert into users (username, name, password) values ('nguice80', 'Nels Guice', MD5('B3wS6eb7D'));
insert into users (username, name, password) values ('mloins81', 'Minne Loins', MD5('vXykMmCTT'));
insert into users (username, name, password) values ('sviegas82', 'Sindee Viegas', MD5('D1HbT5fbjp'));
insert into users (username, name, password) values ('gjanaszkiewicz83', 'Gretta Janaszkiewicz', MD5('zBj8ssMr3a1'));
insert into users (username, name, password) values ('ngrosier84', 'Nolly Grosier', MD5('pGldLxA6g'));
insert into users (username, name, password) values ('jkinney85', 'Jeth Kinney', MD5('NkeEAUM'));
insert into users (username, name, password) values ('mhillaby86', 'Melina Hillaby', MD5('KXL6goCDi0bL'));
insert into users (username, name, password) values ('cnorquay87', 'Cesare Norquay', MD5('vIAXEeLv'));
insert into users (username, name, password) values ('shinckley88', 'Stillmann Hinckley', MD5('VVQLjV7pioa3'));
insert into users (username, name, password) values ('idamiral89', 'Iorgo Damiral', MD5('hJVIrjiN'));
insert into users (username, name, password) values ('cgeorgi8a', 'Claudetta Georgi', MD5('zMpyuvB6F'));
END;

-- tasks
BEGIN;
insert into tasks (currentBid, acceptBid, acceptTime, taskStartTime, taskEndTime, title, description, requester) values (91, 18, '2018-04-06 21:36:02', DEFAULT, '2018-06-02 21:14:04', 'Treat Yak', 'Vestibulum ac est lacinia nisi venenatis tristique. Fusce congue, diam id ornare imperdiet, sapien urna pretium nisl, ut volutpat sapien arcu sed augue. Aliquam erat volutpat.', 'elove0');
insert into tasks (currentBid, acceptBid, acceptTime, taskStartTime, taskEndTime, title, description, requester) values (104, 29, '2018-04-18 00:26:17', DEFAULT, '2018-06-17 20:17:53', 'Miss Scene', 'In sagittis dui vel nisl. Duis ac nibh. Fusce lacus purus, aliquet at, feugiat non, pretium quis, lectus.', 'gpeacock1');
insert into tasks (currentBid, acceptBid, acceptTime, taskStartTime, taskEndTime, title, description, requester) values (126, 14, '2018-04-26 20:11:06', DEFAULT, '2018-06-05 21:36:34', 'Charge Cannon', 'Proin interdum mauris non ligula pellentesque ultrices. Phasellus id sapien in sapien iaculis congue. Vivamus metus arcu, adipiscing molestie, hendrerit at, vulputate vitae, nisl.', 'ldellenbach2');
insert into tasks (currentBid, acceptBid, acceptTime, taskStartTime, taskEndTime, title, description, requester) values (112, 80, '2018-04-27 17:11:34', '2018-05-27 14:49:14', '2018-06-09 20:10:12', 'Greet Cherry', 'Vestibulum quam sapien, varius ut, blandit non, interdum in, ante. Vestibulum ante ipsum primis in faucibus orci luctus et ultrices posuere cubilia Curae; Duis faucibus accumsan odio. Curabitur convallis.', 'mrobbeke3');
insert into tasks (currentBid, acceptBid, acceptTime, taskStartTime, taskEndTime, title, description, requester) values (148, 50, null, '2018-05-03 02:04:47', '2018-06-28 18:04:22', 'Chop Seed', 'Morbi porttitor lorem id ligula. Suspendisse ornare consequat lectus. In est risus, auctor sed, tristique in, tempus sit amet, sem.', 'itomaszewicz4');
insert into tasks (currentBid, acceptBid, acceptTime, taskStartTime, taskEndTime, title, description, requester) values (96, 16, '2018-04-21 10:27:19', '2018-05-04 03:28:38', '2018-06-15 03:32:06', 'Follow Motion', 'Duis consequat dui nec nisi volutpat eleifend. Donec ut dolor. Morbi vel lectus in quam fringilla rhoncus.', 'gbadcock5');
insert into tasks (currentBid, acceptBid, acceptTime, taskStartTime, taskEndTime, title, description, requester) values (147, 56, '2018-04-20 06:48:18', '2018-05-18 20:08:52', '2018-06-01 01:43:07', 'Squeak Animal', 'Praesent blandit. Nam nulla. Integer pede justo, lacinia eget, tincidunt eget, tempus vel, pede.', 'avinsen6');
insert into tasks (currentBid, acceptBid, acceptTime, taskStartTime, taskEndTime, title, description, requester) values (136, 59, '2018-04-26 03:19:47', '2018-05-03 12:23:27', '2018-06-08 03:25:06', 'Hurry Pie', 'Phasellus in felis. Donec semper sapien a libero. Nam dui.', 'bchristofle7');
insert into tasks (currentBid, acceptBid, acceptTime, taskStartTime, taskEndTime, title, description, requester) values (135, 20, '2018-04-11 05:02:13', '2018-05-24 04:54:01', '2018-06-24 16:32:27', 'Number Poison', 'Pellentesque at nulla. Suspendisse potenti. Cras in purus eu magna vulputate luctus.', 'fweed8');
insert into tasks (currentBid, acceptBid, acceptTime, taskStartTime, taskEndTime, title, description, requester) values (84, 40, '2018-04-05 05:44:17', '2018-05-25 11:55:43', '2018-06-24 04:51:43', 'Print Trail', 'Lorem ipsum dolor sit amet, consectetuer adipiscing elit. Proin risus. Praesent lectus.', 'cpalethorpe9');
insert into tasks (currentBid, acceptBid, acceptTime, taskStartTime, taskEndTime, title, description, requester) values (95, 55, '2018-04-12 08:46:28', '2018-05-28 11:12:47', '2018-06-28 17:48:46', 'Include Morning', 'Donec diam neque, vestibulum eget, vulputate ut, ultrices vel, augue. Vestibulum ante ipsum primis in faucibus orci luctus et ultrices posuere cubilia Curae; Donec pharetra, magna vestibulum aliquet ultrices, erat tortor sollicitudin mi, sit amet lobortis sapien sapien non mi. Integer ac neque.', 'tmatthewesa');
insert into tasks (currentBid, acceptBid, acceptTime, taskStartTime, taskEndTime, title, description, requester) values (125, 32, '2018-04-05 04:26:29', '2018-05-11 09:47:53', '2018-06-26 10:12:39', 'Expect Houses', 'Morbi non lectus. Aliquam sit amet diam in magna bibendum imperdiet. Nullam orci pede, venenatis non, sodales sed, tincidunt eu, felis.', 'kcarbryb');
insert into tasks (currentBid, acceptBid, acceptTime, taskStartTime, taskEndTime, title, description, requester) values (101, 10, null, '2018-05-21 16:33:00', '2018-06-22 07:08:18', 'Prick Yam', 'Maecenas ut massa quis augue luctus tincidunt. Nulla mollis molestie lorem. Quisque ut erat.', 'gcleefc');
insert into tasks (currentBid, acceptBid, acceptTime, taskStartTime, taskEndTime, title, description, requester) values (110, 43, null, '2018-05-09 06:32:20', '2018-06-08 20:50:35', 'Hop Cook', 'In sagittis dui vel nisl. Duis ac nibh. Fusce lacus purus, aliquet at, feugiat non, pretium quis, lectus.', 'arispind');
insert into tasks (currentBid, acceptBid, acceptTime, taskStartTime, taskEndTime, title, description, requester) values (107, 75, null, '2018-05-16 22:52:20', '2018-06-07 15:25:44', 'Impress Maid', 'Nam ultrices, libero non mattis pulvinar, nulla pede ullamcorper augue, a suscipit nulla elit ac nulla. Sed vel enim sit amet nunc viverra dapibus. Nulla suscipit ligula in lacus.', 'mbonairee');
insert into tasks (currentBid, acceptBid, acceptTime, taskStartTime, taskEndTime, title, description, requester) values (127, 64, '2018-04-06 05:44:50', '2018-05-25 06:46:02', '2018-06-24 04:14:20', 'Snore Floor', 'Fusce consequat. Nulla nisl. Nunc nisl.', 'spallesenf');
insert into tasks (currentBid, acceptBid, acceptTime, taskStartTime, taskEndTime, title, description, requester) values (122, 39, '2018-04-16 12:01:04', '2018-05-24 09:05:38', '2018-06-15 23:55:42', 'Open Relation', 'Phasellus sit amet erat. Nulla tempus. Vivamus in felis eu sapien cursus vestibulum.', 'klamarg');
insert into tasks (currentBid, acceptBid, acceptTime, taskStartTime, taskEndTime, title, description, requester) values (114, 56, '2018-04-22 13:53:01', DEFAULT, '2018-06-28 15:50:18', 'Scare Love', 'Lorem ipsum dolor sit amet, consectetuer adipiscing elit. Proin risus. Praesent lectus.', 'mmonaghanh');
insert into tasks (currentBid, acceptBid, acceptTime, taskStartTime, taskEndTime, title, description, requester) values (117, 73, '2018-04-24 15:36:05', '2018-05-29 05:58:05', '2018-06-01 15:42:16', 'Shiver Interest', 'In sagittis dui vel nisl. Duis ac nibh. Fusce lacus purus, aliquet at, feugiat non, pretium quis, lectus.', 'vshemmingi');
insert into tasks (currentBid, acceptBid, acceptTime, taskStartTime, taskEndTime, title, description, requester) values (92, 72, '2018-04-28 23:00:46', '2018-05-06 22:49:29', '2018-06-01 14:17:41', 'Fry Chicken', 'Aenean fermentum. Donec ut mauris eget massa tempor convallis. Nulla neque libero, convallis eget, eleifend luctus, ultricies eu, nibh.', 'pfrazierj');
insert into tasks (currentBid, acceptBid, acceptTime, taskStartTime, taskEndTime, title, description, requester) values (143, 40, null, '2018-05-15 00:19:30', '2018-06-15 15:59:06', 'Arrange Sister', 'Vestibulum ac est lacinia nisi venenatis tristique. Fusce congue, diam id ornare imperdiet, sapien urna pretium nisl, ut volutpat sapien arcu sed augue. Aliquam erat volutpat.', 'fjoubertk');
insert into tasks (currentBid, acceptBid, acceptTime, taskStartTime, taskEndTime, title, description, requester) values (86, 37, '2018-04-05 10:13:13', '2018-05-21 15:48:37', '2018-06-06 09:09:52', 'Measure Letters', 'Integer tincidunt ante vel ipsum. Praesent blandit lacinia erat. Vestibulum sed magna at nunc commodo placerat.', 'eboldtl');
insert into tasks (currentBid, acceptBid, acceptTime, taskStartTime, taskEndTime, title, description, requester) values (94, 71, '2018-04-05 23:00:16', '2018-05-09 00:49:58', '2018-06-16 00:42:19', 'Cure Letter', 'Proin interdum mauris non ligula pellentesque ultrices. Phasellus id sapien in sapien iaculis congue. Vivamus metus arcu, adipiscing molestie, hendrerit at, vulputate vitae, nisl.', 'rolivetm');
insert into tasks (currentBid, acceptBid, acceptTime, taskStartTime, taskEndTime, title, description, requester) values (140, 40, null, '2018-05-08 04:00:52', '2018-05-31 12:29:56', 'Employ Wheel', 'Duis bibendum, felis sed interdum venenatis, turpis enim blandit mi, in porttitor pede justo eu massa. Donec dapibus. Duis at velit eu est congue elementum.', 'mhousamn');
insert into tasks (currentBid, acceptBid, acceptTime, taskStartTime, taskEndTime, title, description, requester) values (104, 30, '2018-04-06 03:36:25', '2018-05-13 15:40:06', '2018-06-21 21:20:29', 'Complain Ducks', 'Nullam porttitor lacus at turpis. Donec posuere metus vitae ipsum. Aliquam non mauris.', 'hfuenteo');
insert into tasks (currentBid, acceptBid, acceptTime, taskStartTime, taskEndTime, title, description, requester) values (109, 33, '2018-03-30 21:45:34', '2018-05-10 07:19:04', '2018-06-10 07:53:20', 'Extend Name', 'Fusce posuere felis sed lacus. Morbi sem mauris, laoreet ut, rhoncus aliquet, pulvinar sed, nisl. Nunc rhoncus dui vel sem.', 'matterburyp');
insert into tasks (currentBid, acceptBid, acceptTime, taskStartTime, taskEndTime, title, description, requester) values (148, 28, '2018-04-16 04:09:41', DEFAULT, '2018-06-20 18:05:39', 'Wonder Vest', 'Curabitur gravida nisi at nibh. In hac habitasse platea dictumst. Aliquam augue quam, sollicitudin vitae, consectetuer eget, rutrum at, lorem.', 'erisingq');
insert into tasks (currentBid, acceptBid, acceptTime, taskStartTime, taskEndTime, title, description, requester) values (129, 71, '2018-04-18 15:38:50', '2018-05-04 07:07:01', '2018-06-11 12:59:39', 'Welcome Sea', 'Nam ultrices, libero non mattis pulvinar, nulla pede ullamcorper augue, a suscipit nulla elit ac nulla. Sed vel enim sit amet nunc viverra dapibus. Nulla suscipit ligula in lacus.', 'sroskamsr');
insert into tasks (currentBid, acceptBid, acceptTime, taskStartTime, taskEndTime, title, description, requester) values (122, 23, '2018-04-08 11:58:26', '2018-05-18 16:56:25', '2018-05-31 13:54:14', 'Rub Title', 'Proin eu mi. Nulla ac enim. In tempor, turpis nec euismod scelerisque, quam turpis adipiscing lorem, vitae mattis nibh ligula nec sem.', 'seuesdens');
insert into tasks (currentBid, acceptBid, acceptTime, taskStartTime, taskEndTime, title, description, requester) values (124, 70, '2018-04-23 12:10:35', '2018-05-05 07:18:40', '2018-06-12 06:16:42', 'Repair Suit', 'Sed ante. Vivamus tortor. Duis mattis egestas metus.', 'fsimonassit');
insert into tasks (currentBid, acceptBid, acceptTime, taskStartTime, taskEndTime, title, description, requester) values (125, 27, '2018-04-13 09:06:50', DEFAULT, '2018-06-04 10:32:26', 'Eat Watermelon', 'Fusce posuere felis sed lacus. Morbi sem mauris, laoreet ut, rhoncus aliquet, pulvinar sed, nisl. Nunc rhoncus dui vel sem.', 'orevanu');
insert into tasks (currentBid, acceptBid, acceptTime, taskStartTime, taskEndTime, title, description, requester) values (90, 42, null, '2018-05-29 11:12:28', '2018-05-31 15:14:03', 'Whistle Porter', 'Duis consequat dui nec nisi volutpat eleifend. Donec ut dolor. Morbi vel lectus in quam fringilla rhoncus.', 'rtennewellv');
insert into tasks (currentBid, acceptBid, acceptTime, taskStartTime, taskEndTime, title, description, requester) values (127, 37, '2018-04-02 15:38:56', '2018-05-22 01:25:50', '2018-06-13 14:00:58', 'Work Reason', 'Maecenas ut massa quis augue luctus tincidunt. Nulla mollis molestie lorem. Quisque ut erat.', 'koheynew');
insert into tasks (currentBid, acceptBid, acceptTime, taskStartTime, taskEndTime, title, description, requester) values (122, 25, '2018-04-08 14:23:18', '2018-05-28 09:00:30', '2018-06-10 16:21:28', 'Imagine Ghost', 'Maecenas tristique, est et tempus semper, est quam pharetra magna, ac consequat metus sapien ut nunc. Vestibulum ante ipsum primis in faucibus orci luctus et ultrices posuere cubilia Curae; Mauris viverra diam vitae quam. Suspendisse potenti.', 'bfancuttx');
insert into tasks (currentBid, acceptBid, acceptTime, taskStartTime, taskEndTime, title, description, requester) values (145, 12, null, '2018-05-25 06:30:14', '2018-06-24 03:25:33', 'Bump Face', 'Proin eu mi. Nulla ac enim. In tempor, turpis nec euismod scelerisque, quam turpis adipiscing lorem, vitae mattis nibh ligula nec sem.', 'kjosifovicy');
insert into tasks (currentBid, acceptBid, acceptTime, taskStartTime, taskEndTime, title, description, requester) values (133, 17, '2018-04-03 17:49:51', DEFAULT, '2018-06-25 23:51:26', 'Afford Vessel', 'Pellentesque at nulla. Suspendisse potenti. Cras in purus eu magna vulputate luctus.', 'bdowseyz');
insert into tasks (currentBid, acceptBid, acceptTime, taskStartTime, taskEndTime, title, description, requester) values (140, 70, null, '2018-05-28 19:15:32', '2018-06-08 05:25:11', 'Snow Basin', 'Duis bibendum, felis sed interdum venenatis, turpis enim blandit mi, in porttitor pede justo eu massa. Donec dapibus. Duis at velit eu est congue elementum.', 'tmccarl10');
insert into tasks (currentBid, acceptBid, acceptTime, taskStartTime, taskEndTime, title, description, requester) values (118, 46, null, '2018-05-09 12:40:53', '2018-06-06 09:11:34', 'Sack Egg', 'Duis consequat dui nec nisi volutpat eleifend. Donec ut dolor. Morbi vel lectus in quam fringilla rhoncus.', 'npenrith11');
insert into tasks (currentBid, acceptBid, acceptTime, taskStartTime, taskEndTime, title, description, requester) values (115, 15, '2018-04-03 05:42:48', DEFAULT, '2018-06-17 06:35:02', 'Trust Downtown', 'Praesent blandit. Nam nulla. Integer pede justo, lacinia eget, tincidunt eget, tempus vel, pede.', 'dpovey12');
insert into tasks (currentBid, acceptBid, acceptTime, taskStartTime, taskEndTime, title, description, requester) values (101, 53, '2018-04-13 21:23:53', '2018-05-01 10:43:20', '2018-06-06 14:37:06', 'Decide Suggestion', 'Maecenas ut massa quis augue luctus tincidunt. Nulla mollis molestie lorem. Quisque ut erat.', 'hstyant13');
insert into tasks (currentBid, acceptBid, acceptTime, taskStartTime, taskEndTime, title, description, requester) values (104, 66, null, '2018-05-15 04:30:09', '2018-06-24 04:37:33', 'Soothe Belief', 'Quisque porta volutpat erat. Quisque erat eros, viverra eget, congue eget, semper rutrum, nulla. Nunc purus.', 'dsames14');
insert into tasks (currentBid, acceptBid, acceptTime, taskStartTime, taskEndTime, title, description, requester) values (102, 29, '2018-04-13 23:43:32', DEFAULT, '2018-06-05 06:01:51', 'Try Ice', 'In sagittis dui vel nisl. Duis ac nibh. Fusce lacus purus, aliquet at, feugiat non, pretium quis, lectus.', 'inanelli15');
insert into tasks (currentBid, acceptBid, acceptTime, taskStartTime, taskEndTime, title, description, requester) values (144, 61, '2018-04-09 18:09:09', '2018-05-15 05:05:44', '2018-06-25 11:07:09', 'Slow Camp', 'Pellentesque at nulla. Suspendisse potenti. Cras in purus eu magna vulputate luctus.', 'aalcido16');
insert into tasks (currentBid, acceptBid, acceptTime, taskStartTime, taskEndTime, title, description, requester) values (91, 11, null, DEFAULT, '2018-06-16 08:01:11', 'Jump Trick', 'Sed sagittis. Nam congue, risus semper porta volutpat, quam pede lobortis ligula, sit amet eleifend pede libero quis orci. Nullam molestie nibh in lectus.', 'dashbee17');
insert into tasks (currentBid, acceptBid, acceptTime, taskStartTime, taskEndTime, title, description, requester) values (120, 20, '2018-04-09 15:54:00', '2018-05-22 20:24:35', '2018-06-09 17:52:20', 'Reply Stone', 'Curabitur gravida nisi at nibh. In hac habitasse platea dictumst. Aliquam augue quam, sollicitudin vitae, consectetuer eget, rutrum at, lorem.', 'mvivash18');
insert into tasks (currentBid, acceptBid, acceptTime, taskStartTime, taskEndTime, title, description, requester) values (108, 25, '2018-04-02 10:05:11', '2018-05-14 18:38:08', '2018-06-16 23:37:05', 'Replace Dress', 'Vestibulum quam sapien, varius ut, blandit non, interdum in, ante. Vestibulum ante ipsum primis in faucibus orci luctus et ultrices posuere cubilia Curae; Duis faucibus accumsan odio. Curabitur convallis.', 'cpaddock19');
insert into tasks (currentBid, acceptBid, acceptTime, taskStartTime, taskEndTime, title, description, requester) values (126, 38, '2018-04-04 05:25:03', '2018-05-26 22:10:06', '2018-06-09 15:51:30', 'Pretend Wax', 'Vestibulum quam sapien, varius ut, blandit non, interdum in, ante. Vestibulum ante ipsum primis in faucibus orci luctus et ultrices posuere cubilia Curae; Duis faucibus accumsan odio. Curabitur convallis.', 'sgibard1a');
insert into tasks (currentBid, acceptBid, acceptTime, taskStartTime, taskEndTime, title, description, requester) values (111, 75, '2018-04-22 01:38:06', '2018-05-24 18:44:12', '2018-06-19 19:50:37', 'Spoil Passenger', 'Curabitur gravida nisi at nibh. In hac habitasse platea dictumst. Aliquam augue quam, sollicitudin vitae, consectetuer eget, rutrum at, lorem.', 'laleksandrikin1b');
insert into tasks (currentBid, acceptBid, acceptTime, taskStartTime, taskEndTime, title, description, requester) values (113, 58, '2018-04-27 18:54:33', '2018-05-29 22:42:00', '2018-06-10 11:23:42', 'Compare Snake', 'Morbi non lectus. Aliquam sit amet diam in magna bibendum imperdiet. Nullam orci pede, venenatis non, sodales sed, tincidunt eu, felis.', 'dpabelik1c');
insert into tasks (currentBid, acceptBid, acceptTime, taskStartTime, taskEndTime, title, description, requester) values (110, 58, '2018-04-14 18:25:23', '2018-05-02 09:49:14', '2018-05-31 00:46:28', 'Scream Front', 'Lorem ipsum dolor sit amet, consectetuer adipiscing elit. Proin risus. Praesent lectus.', 'asymes1d');
insert into tasks (acceptBid, acceptTime, taskStartTime, taskEndTime, title, description, requester) values (51, '2018-04-17 03:38:44', '2018-05-03 18:14:37', '2018-06-22 06:23:18', 'Peel Soap', 'Fusce consequat. Nulla nisl. Nunc nisl.', 'mivanchov1e');
insert into tasks (acceptBid, acceptTime, taskStartTime, taskEndTime, title, description, requester) values (52, '2018-04-02 06:16:38', '2018-05-04 04:25:55', '2018-06-11 06:54:38', 'Tame Girl', 'Cras mi pede, malesuada in, imperdiet et, commodo vulputate, justo. In blandit ultrices enim. Lorem ipsum dolor sit amet, consectetuer adipiscing elit.', 'dgawn1f');
insert into tasks (acceptBid, acceptTime, taskStartTime, taskEndTime, title, description, requester) values (53, '2018-04-20 08:00:55', '2018-05-21 06:30:32', '2018-06-16 04:14:02', 'Bomb Jail', 'Maecenas ut massa quis augue luctus tincidunt. Nulla mollis molestie lorem. Quisque ut erat.', 'imarioneau1g');
insert into tasks (acceptBid, acceptTime, taskStartTime, taskEndTime, title, description, requester) values (54, '2018-04-26 10:31:39', '2018-05-03 13:38:35', '2018-06-10 17:44:10', 'Gaze Circle', 'Pellentesque at nulla. Suspendisse potenti. Cras in purus eu magna vulputate luctus.', 'apaulus1h');
insert into tasks (acceptBid, acceptTime, taskStartTime, taskEndTime, title, description, requester) values (55, '2018-03-31 00:04:15', '2018-05-10 11:17:41', '2018-06-24 09:35:41', 'Tour Doll', 'Nullam sit amet turpis elementum ligula vehicula consequat. Morbi a ipsum. Integer a nibh.', 'dlymbourne1i');
insert into tasks (acceptBid, acceptTime, taskStartTime, taskEndTime, title, description, requester) values (56, '2018-03-31 03:07:42', DEFAULT, '2018-06-09 19:10:25', 'Disapprove Hammer', 'Maecenas tristique, est et tempus semper, est quam pharetra magna, ac consequat metus sapien ut nunc. Vestibulum ante ipsum primis in faucibus orci luctus et ultrices posuere cubilia Curae; Mauris viverra diam vitae quam. Suspendisse potenti.', 'ikuhlmey1j');
insert into tasks (acceptBid, acceptTime, taskStartTime, taskEndTime, title, description, requester) values (57, '2018-04-13 21:14:03', '2018-05-23 20:10:11', '2018-06-26 09:35:02', 'Prevent Soup', 'Morbi non lectus. Aliquam sit amet diam in magna bibendum imperdiet. Nullam orci pede, venenatis non, sodales sed, tincidunt eu, felis.', 'ttollerton1k');
insert into tasks (acceptBid, acceptTime, taskStartTime, taskEndTime, title, description, requester) values (58, '2018-03-30 11:08:55', '2018-05-22 05:19:19', '2018-06-26 12:55:40', 'Enter House', 'In hac habitasse platea dictumst. Morbi vestibulum, velit id pretium iaculis, diam erat fermentum justo, nec condimentum neque sapien placerat ante. Nulla justo.', 'cmcconnal1l');
insert into tasks (acceptBid, acceptTime, taskStartTime, taskEndTime, title, description, requester) values (59, '2018-04-06 14:54:34', '2018-05-17 15:37:39', '2018-06-11 08:23:00', 'Rely Instrument', 'Quisque porta volutpat erat. Quisque erat eros, viverra eget, congue eget, semper rutrum, nulla. Nunc purus.', 'jthewless1m');
insert into tasks (acceptBid, acceptTime, taskStartTime, taskEndTime, title, description, requester) values (60, '2018-04-08 04:25:21', '2018-05-08 12:56:47', '2018-06-10 22:37:45', 'Receive Plant', 'Duis consequat dui nec nisi volutpat eleifend. Donec ut dolor. Morbi vel lectus in quam fringilla rhoncus.', 'vdahmel1n');
insert into tasks (acceptBid, acceptTime, taskStartTime, taskEndTime, title, description, requester) values (61, '2018-04-01 00:37:02', '2018-05-22 22:57:24', '2018-06-15 21:26:56', 'Flood Afternoon', 'Donec diam neque, vestibulum eget, vulputate ut, ultrices vel, augue. Vestibulum ante ipsum primis in faucibus orci luctus et ultrices posuere cubilia Curae; Donec pharetra, magna vestibulum aliquet ultrices, erat tortor sollicitudin mi, sit amet lobortis sapien sapien non mi. Integer ac neque.', 'rhebblewhite1o');
insert into tasks (acceptBid, acceptTime, taskStartTime, taskEndTime, title, description, requester) values (62, '2018-04-12 08:58:33', DEFAULT, '2018-06-12 08:04:59', 'Contain Root', 'Duis aliquam convallis nunc. Proin at turpis a pede posuere nonummy. Integer non velit.', 'acrumby1p');
insert into tasks (acceptBid, acceptTime, taskStartTime, taskEndTime, title, description, requester) values (63, '2018-04-14 09:10:29', '2018-05-18 00:59:53', '2018-06-10 07:31:27', 'Carry Chickens', 'Curabitur gravida nisi at nibh. In hac habitasse platea dictumst. Aliquam augue quam, sollicitudin vitae, consectetuer eget, rutrum at, lorem.', 'rbarbera1q');
insert into tasks (acceptBid, acceptTime, taskStartTime, taskEndTime, title, description, requester) values (64, '2018-04-24 23:03:13', DEFAULT, '2018-06-05 11:05:42', 'Offer Border', 'Duis bibendum, felis sed interdum venenatis, turpis enim blandit mi, in porttitor pede justo eu massa. Donec dapibus. Duis at velit eu est congue elementum.', 'tpovah1r');
insert into tasks (acceptBid, acceptTime, taskStartTime, taskEndTime, title, description, requester) values (65, null, DEFAULT, '2018-06-20 00:29:52', 'Inject Low', 'Nullam porttitor lacus at turpis. Donec posuere metus vitae ipsum. Aliquam non mauris.', 'creinert1s');
insert into tasks (acceptBid, acceptTime, taskStartTime, taskEndTime, title, description, requester) values (66, '2018-04-01 11:52:34', '2018-04-30 14:28:18', '2018-06-13 04:21:11', 'Attract Trains', 'Suspendisse potenti. In eleifend quam a odio. In hac habitasse platea dictumst.', 'jsazio1t');
insert into tasks (acceptBid, acceptTime, taskStartTime, taskEndTime, title, description, requester) values (67, null, '2018-05-19 19:06:21', '2018-06-21 07:57:09', 'Gather Laugh', 'Cras non velit nec nisi vulputate nonummy. Maecenas tincidunt lacus at velit. Vivamus vel nulla eget eros elementum pellentesque.', 'dcutriss1u');
insert into tasks (acceptBid, acceptTime, taskStartTime, taskEndTime, title, description, requester) values (68, '2018-04-26 01:20:30', DEFAULT, '2018-06-09 05:58:24', 'Record Acoustics', 'Cum sociis natoque penatibus et magnis dis parturient montes, nascetur ridiculus mus. Vivamus vestibulum sagittis sapien. Cum sociis natoque penatibus et magnis dis parturient montes, nascetur ridiculus mus.', 'sschwanden1v');
insert into tasks (acceptBid, acceptTime, taskStartTime, taskEndTime, title, description, requester) values (69, '2018-04-09 18:19:40', '2018-05-28 02:32:07', '2018-06-11 03:14:26', 'Embarrass Hot', 'Maecenas leo odio, condimentum id, luctus nec, molestie sed, justo. Pellentesque viverra pede ac diam. Cras pellentesque volutpat dui.', 'ggambles1w');
insert into tasks (acceptBid, acceptTime, taskStartTime, taskEndTime, title, description, requester) values (70, null, '2018-05-03 22:14:48', '2018-06-20 14:14:05', 'License Bee', 'Nulla ut erat id mauris vulputate elementum. Nullam varius. Nulla facilisi.', 'lferrey1x');
insert into tasks (acceptBid, acceptTime, taskStartTime, taskEndTime, title, description, requester) values (71, '2018-04-09 07:05:03', '2018-05-02 01:03:36', '2018-06-18 10:14:49', 'Multiply Pail', 'Suspendisse potenti. In eleifend quam a odio. In hac habitasse platea dictumst.', 'mbaiyle1y');
insert into tasks (acceptBid, acceptTime, taskStartTime, taskEndTime, title, description, requester) values (72, null, '2018-05-09 12:21:35', '2018-06-22 09:51:42', 'Consist Songs', 'Morbi porttitor lorem id ligula. Suspendisse ornare consequat lectus. In est risus, auctor sed, tristique in, tempus sit amet, sem.', 'mrowswell1z');
insert into tasks (acceptBid, acceptTime, taskStartTime, taskEndTime, title, description, requester) values (73, '2018-04-04 06:08:38', '2018-05-19 06:38:13', '2018-06-12 02:18:20', 'Applaud Pies', 'In hac habitasse platea dictumst. Morbi vestibulum, velit id pretium iaculis, diam erat fermentum justo, nec condimentum neque sapien placerat ante. Nulla justo.', 'hgullifant20');
insert into tasks (acceptBid, acceptTime, taskStartTime, taskEndTime, title, description, requester) values (74, null, '2018-05-10 22:29:01', '2018-06-12 22:55:34', 'Dislike Plants', 'Aenean fermentum. Donec ut mauris eget massa tempor convallis. Nulla neque libero, convallis eget, eleifend luctus, ultricies eu, nibh.', 'mhann21');
insert into tasks (acceptBid, acceptTime, taskStartTime, taskEndTime, title, description, requester) values (75, '2018-04-25 06:05:32', '2018-05-29 17:00:36', '2018-06-21 11:28:21', 'Drown Power', 'Nam ultrices, libero non mattis pulvinar, nulla pede ullamcorper augue, a suscipit nulla elit ac nulla. Sed vel enim sit amet nunc viverra dapibus. Nulla suscipit ligula in lacus.', 'gsibson22');
insert into tasks (acceptBid, acceptTime, taskStartTime, taskEndTime, title, description, requester) values (76, '2018-04-20 19:10:02', '2018-05-02 19:46:22', '2018-06-08 04:34:13', 'Level Thread', 'Fusce consequat. Nulla nisl. Nunc nisl.', 'mringer23');
insert into tasks (acceptBid, acceptTime, taskStartTime, taskEndTime, title, description, requester) values (77, '2018-04-11 22:02:10', DEFAULT, '2018-06-08 19:24:11', 'Judge Carpenter', 'Praesent id massa id nisl venenatis lacinia. Aenean sit amet justo. Morbi ut odio.', 'grenihan24');
insert into tasks (acceptBid, acceptTime, taskStartTime, taskEndTime, title, description, requester) values (78, '2018-04-11 12:36:23', '2018-05-27 11:08:57', '2018-06-04 11:31:09', 'Serve Actor', 'Maecenas leo odio, condimentum id, luctus nec, molestie sed, justo. Pellentesque viverra pede ac diam. Cras pellentesque volutpat dui.', 'gquarton25');
insert into tasks (acceptBid, acceptTime, taskStartTime, taskEndTime, title, description, requester) values (79, null, '2018-05-17 14:28:33', '2018-06-09 06:22:15', 'Plant Scale', 'In hac habitasse platea dictumst. Etiam faucibus cursus urna. Ut tellus.', 'bshacklady26');
insert into tasks (acceptBid, acceptTime, taskStartTime, taskEndTime, title, description, requester) values (80, '2018-04-23 20:14:08', '2018-05-29 13:27:07', '2018-06-01 23:50:25', 'Long Plane', 'Etiam vel augue. Vestibulum rutrum rutrum neque. Aenean auctor gravida sem.', 'estener27');
insert into tasks (acceptBid, acceptTime, taskStartTime, taskEndTime, title, description, requester) values (81, '2018-04-01 17:07:39', '2018-05-27 11:31:15', '2018-06-21 06:29:37', 'Turn Visitor', 'Nam ultrices, libero non mattis pulvinar, nulla pede ullamcorper augue, a suscipit nulla elit ac nulla. Sed vel enim sit amet nunc viverra dapibus. Nulla suscipit ligula in lacus.', 'vfranzewitch28');
insert into tasks (acceptBid, acceptTime, taskStartTime, taskEndTime, title, description, requester) values (82, '2018-04-24 19:34:29', '2018-05-23 15:02:50', '2018-06-02 22:27:06', 'Share Machine', 'Fusce posuere felis sed lacus. Morbi sem mauris, laoreet ut, rhoncus aliquet, pulvinar sed, nisl. Nunc rhoncus dui vel sem.', 'ttidmarsh29');
insert into tasks (acceptBid, acceptTime, taskStartTime, taskEndTime, title, description, requester) values (83, null, DEFAULT, '2018-06-09 15:12:57', 'Report Produce', 'Proin leo odio, porttitor id, consequat in, consequat ut, nulla. Sed accumsan felis. Ut at dolor quis odio consequat varius.', 'rrogge2a');
insert into tasks (acceptBid, acceptTime, taskStartTime, taskEndTime, title, description, requester) values (84, '2018-04-02 17:38:01', DEFAULT, '2018-06-10 23:50:13', 'Glow Snakes', 'Maecenas leo odio, condimentum id, luctus nec, molestie sed, justo. Pellentesque viverra pede ac diam. Cras pellentesque volutpat dui.', 'alaydel2b');
insert into tasks (acceptBid, acceptTime, taskStartTime, taskEndTime, title, description, requester) values (85, '2018-04-13 15:06:39', '2018-05-23 23:06:07', '2018-06-03 10:08:11', 'Present Hands', 'In congue. Etiam justo. Etiam pretium iaculis justo.', 'iyakushkin2c');
insert into tasks (acceptBid, acceptTime, taskStartTime, taskEndTime, title, description, requester) values (86, '2018-04-17 16:17:23', '2018-05-24 10:07:03', '2018-06-18 20:28:08', 'Heap Kiss', 'Maecenas ut massa quis augue luctus tincidunt. Nulla mollis molestie lorem. Quisque ut erat.', 'rleng2d');
insert into tasks (acceptBid, acceptTime, taskStartTime, taskEndTime, title, description, requester) values (87, '2018-04-24 01:48:06', DEFAULT, '2018-06-26 11:10:02', 'Back Theory', 'Morbi porttitor lorem id ligula. Suspendisse ornare consequat lectus. In est risus, auctor sed, tristique in, tempus sit amet, sem.', 'dficken2e');
insert into tasks (acceptBid, acceptTime, taskStartTime, taskEndTime, title, description, requester) values (88, '2018-04-20 19:38:53', '2018-05-17 09:29:15', '2018-06-23 09:45:08', 'Communicate Parcel', 'Duis bibendum, felis sed interdum venenatis, turpis enim blandit mi, in porttitor pede justo eu massa. Donec dapibus. Duis at velit eu est congue elementum.', 'agiffon2f');
insert into tasks (acceptBid, acceptTime, taskStartTime, taskEndTime, title, description, requester) values (89, '2018-04-10 07:50:51', '2018-05-08 04:47:45', '2018-06-15 21:04:13', 'Pump Loss', 'Lorem ipsum dolor sit amet, consectetuer adipiscing elit. Proin risus. Praesent lectus.', 'dabramin2g');
insert into tasks (acceptBid, acceptTime, taskStartTime, taskEndTime, title, description, requester) values (90, '2018-04-04 15:33:06', '2018-05-08 16:36:42', '2018-06-06 04:58:22', 'Suffer Quiver', 'Duis aliquam convallis nunc. Proin at turpis a pede posuere nonummy. Integer non velit.', 'nchisman2h');
insert into tasks (acceptBid, acceptTime, taskStartTime, taskEndTime, title, description, requester) values (91, '2018-04-09 06:43:14', DEFAULT, '2018-06-11 08:44:25', 'Attack Foot', 'Aliquam quis turpis eget elit sodales scelerisque. Mauris sit amet eros. Suspendisse accumsan tortor quis turpis.', 'bkoenraad2i');
insert into tasks (acceptBid, acceptTime, taskStartTime, taskEndTime, title, description, requester) values (92, '2018-04-22 04:27:52', DEFAULT, '2018-06-14 10:16:07', 'Wink Servant', 'Curabitur gravida nisi at nibh. In hac habitasse platea dictumst. Aliquam augue quam, sollicitudin vitae, consectetuer eget, rutrum at, lorem.', 'bjindra2j');
insert into tasks (acceptBid, acceptTime, taskStartTime, taskEndTime, title, description, requester) values (93, '2018-04-25 23:03:22', '2018-05-12 13:15:30', '2018-06-23 04:28:56', 'Command Duck', 'Nullam porttitor lacus at turpis. Donec posuere metus vitae ipsum. Aliquam non mauris.', 'marrighetti2k');
insert into tasks (acceptBid, acceptTime, taskStartTime, taskEndTime, title, description, requester) values (94, null, '2018-05-21 03:46:46', '2018-06-18 03:48:52', 'Allow Trees', 'Aenean fermentum. Donec ut mauris eget massa tempor convallis. Nulla neque libero, convallis eget, eleifend luctus, ultricies eu, nibh.', 'nlummasana2l');
insert into tasks (acceptBid, acceptTime, taskStartTime, taskEndTime, title, description, requester) values (95, '2018-04-11 19:45:37', DEFAULT, '2018-06-27 09:35:35', 'Coach Start', 'Nullam porttitor lacus at turpis. Donec posuere metus vitae ipsum. Aliquam non mauris.', 'llawlie2m');
insert into tasks (acceptBid, acceptTime, taskStartTime, taskEndTime, title, description, requester) values (96, '2018-04-26 02:13:10', '2018-05-16 05:41:53', '2018-06-18 04:16:18', 'Learn Daughter', 'In hac habitasse platea dictumst. Etiam faucibus cursus urna. Ut tellus.', 'wmessier2n');
insert into tasks (acceptBid, acceptTime, taskStartTime, taskEndTime, title, description, requester) values (97, '2018-04-26 01:33:15', '2018-05-05 14:50:17', '2018-06-13 09:55:11', 'Hook Skin', 'Vestibulum ac est lacinia nisi venenatis tristique. Fusce congue, diam id ornare imperdiet, sapien urna pretium nisl, ut volutpat sapien arcu sed augue. Aliquam erat volutpat.', 'aousby2o');
insert into tasks (acceptBid, acceptTime, taskStartTime, taskEndTime, title, description, requester) values (98, '2018-04-10 06:53:57', '2018-05-12 10:17:30', '2018-06-24 14:38:26', 'Smell Teaching', 'Praesent blandit. Nam nulla. Integer pede justo, lacinia eget, tincidunt eget, tempus vel, pede.', 'mperrington2p');
insert into tasks (acceptBid, acceptTime, taskStartTime, taskEndTime, title, description, requester) values (99, null, DEFAULT, '2018-06-21 11:28:31', 'Warm Fact', 'Praesent blandit. Nam nulla. Integer pede justo, lacinia eget, tincidunt eget, tempus vel, pede.', 'hadenot2q');
insert into tasks (acceptBid, acceptTime, taskStartTime, taskEndTime, title, description, requester) values (100, null, DEFAULT, '2018-06-18 14:59:48', 'Pull Boundary', 'Curabitur at ipsum ac tellus semper interdum. Mauris ullamcorper purus sit amet nulla. Quisque arcu libero, rutrum ac, lobortis vel, dapibus at, diam.', 'ygilffillan2r');
END;

-- bids
BEGIN;
insert into bids (bid, task_id, username) values (91, 1, 'vthieme2s');
insert into bids (bid, task_id, username) values (104, 2, 'dallderidge2t');
insert into bids (bid, task_id, username) values (126, 3, 'ualdous2u');
insert into bids (bid, task_id, username) values (112, 4, 'bkrook2v');
insert into bids (bid, task_id, username) values (148, 5, 'jgurry2w');
insert into bids (bid, task_id, username) values (96, 6, 'dhowgego2x');
insert into bids (bid, task_id, username) values (147, 7, 'casif2y');
insert into bids (bid, task_id, username) values (136, 8, 'ebirchill2z');
insert into bids (bid, task_id, username) values (135, 9, 'mitzkovitch30');
insert into bids (bid, task_id, username) values (84, 10, 'rtumpane31');
insert into bids (bid, task_id, username) values (95, 11, 'gmatterface32');
insert into bids (bid, task_id, username) values (125, 12, 'fhaquard33');
insert into bids (bid, task_id, username) values (101, 13, 'dpuckring34');
insert into bids (bid, task_id, username) values (110, 14, 'kbracken35');
insert into bids (bid, task_id, username) values (107, 15, 'jbonsale36');
insert into bids (bid, task_id, username) values (127, 16, 'iluckie37');
insert into bids (bid, task_id, username) values (122, 17, 'datto38');
insert into bids (bid, task_id, username) values (114, 18, 'lrickett39');
insert into bids (bid, task_id, username) values (117, 19, 'jeam3a');
insert into bids (bid, task_id, username) values (92, 20, 'cveryan3b');
insert into bids (bid, task_id, username) values (143, 21, 'chearson3c');
insert into bids (bid, task_id, username) values (86, 22, 'ide3d');
insert into bids (bid, task_id, username) values (94, 23, 'tfitzsymonds3e');
insert into bids (bid, task_id, username) values (140, 24, 'jburwell3f');
insert into bids (bid, task_id, username) values (104, 25, 'spetteford3g');
insert into bids (bid, task_id, username) values (109, 26, 'eorum3h');
insert into bids (bid, task_id, username) values (148, 27, 'vlombard3i');
insert into bids (bid, task_id, username) values (129, 28, 'hmcniven3j');
insert into bids (bid, task_id, username) values (122, 29, 'ccoldwell3k');
insert into bids (bid, task_id, username) values (124, 30, 'ayuryaev3l');
insert into bids (bid, task_id, username) values (125, 31, 'qainsworth3m');
insert into bids (bid, task_id, username) values (90, 32, 'bbocke3n');
insert into bids (bid, task_id, username) values (127, 33, 'ihannabus3o');
insert into bids (bid, task_id, username) values (122, 34, 'pnewns3p');
insert into bids (bid, task_id, username) values (145, 35, 'omaciejewski3q');
insert into bids (bid, task_id, username) values (133, 36, 'alitt3r');
insert into bids (bid, task_id, username) values (140, 37, 'sgrieves3s');
insert into bids (bid, task_id, username) values (118, 38, 'mlaxton3t');
insert into bids (bid, task_id, username) values (115, 39, 'gpietesch3u');
insert into bids (bid, task_id, username) values (101, 40, 'nklain3v');
insert into bids (bid, task_id, username) values (104, 41, 'dpawellek3w');
insert into bids (bid, task_id, username) values (102, 42, 'eeastgate3x');
insert into bids (bid, task_id, username) values (144, 43, 'bbaden3y');
insert into bids (bid, task_id, username) values (91, 44, 'deykelhof3z');
insert into bids (bid, task_id, username) values (120, 45, 'elobb40');
insert into bids (bid, task_id, username) values (108, 46, 'askyme41');
insert into bids (bid, task_id, username) values (126, 47, 'malbasiny42');
insert into bids (bid, task_id, username) values (111, 48, 'mgreser43');
insert into bids (bid, task_id, username) values (113, 49, 'nnunnery44');
insert into bids (bid, task_id, username) values (110, 50, 'nkiddey45');
END;
